{
    "loss": 0.9863604307174683,
    "accuracy": 0.8706896305084229
}